{"mean": [0.0016505999870385108, 0.000973578349885897, -0.09085023961588219, 0.0037338138177486825, -0.0010464727163305996, 0.0027177748961815552, -0.0058160539864331754, -0.001313315938835059, 0.009605177661894894, 0.0005081535653421594], "scale": [0.3039884845465746, 0.3259686462681422, 0.31908804836516375, 0.32161406300983136, 0.2941113352284872, 0.3015823320984601, 0.32418584619723206, 0.33118066769356685, 0.323894172540302, 0.30089335588345584]}